classification,Avg PnL,Avg Volume,Win Rate,ROI,Trade Count,Buy Ratio
Extreme Fear,1.8916322231298366,4118.761840068787,0.2927773000859845,0.3187792199296251,2326,0.5021496130696474
Fear,128.28795029591174,5744.782685125099,0.381786718581008,2.9800125562062103,13869,0.5268584613166054
Neutral,27.08880333091437,4332.202906386067,0.4949201741654572,2.3813888581318547,2756,0.37010159651669083
Greed,53.988003244420824,5051.878829259653,0.4357066950053135,3.0454274906504963,11292,0.47883457314913214
Extreme Greed,205.81634505888633,3242.085086283579,0.5532823341042519,13.493758892401658,5621,0.29549902152641877
