day_name,Size USD
Monday,6685.008659254415
Tuesday,4937.038937016575
Wednesday,4232.717616338143
Thursday,4477.40087863464
Friday,4399.58545328911
Saturday,3427.570908217203
Sunday,4982.76576
