classification,Closed PnL
Extreme Fear,1.8916322231298366
Extreme Greed,205.81634505888633
Fear,128.28795029591174
Greed,53.988003244420824
Neutral,27.08880333091437
