Side,Total PnL,Win Rate,Trade Count
BUY,1646233.454834,0.3019380547002355,16563
SELL,1978575.014563,0.5372260504637065,19301
